Adam Hintz <adam.0.dev@gmail.com>
Adam Hintz <adam.0.dev@gmail.com> Adam The Great <atg@AdBook.local>
Adam Hintz <adam.0.dev@gmail.com> <adam.o.dev@gmail.com>
Alastair Lynn <arplynn@gmail.com>
Alastair Lynn <arplynn@gmail.com> Alistair Lynn <arplynn@gmail.com>
Andrew Moscoe <andrew.moscoe@gmail.com>
Andrew Moscoe <andrew.moscoe@gmail.com> Admin <admin@admins-imac.(none)>
Andrew Moscoe <andrew.moscoe@gmail.com> Andrew Moscoe <andrew@AndrewM-3.local>
Andrew Moscoe <andrew.moscoe@gmail.com> Andrew Moscoe <andrew@andrewm.(none)>

